id,name,description,picture
1,Blondelle,massa quis augue luctus tincidunt nulla mollis molestie lorem quisque ut,https://robohash.org/distinctiosaepesed.png?size=50x50&set=set1
2,Caesar,diam cras pellentesque volutpat dui maecenas tristique est et tempus,https://robohash.org/repellatetaperiam.png?size=50x50&set=set1
3,Cora,in est risus auctor sed tristique in tempus sit amet sem fusce consequat nulla nisl nunc nisl,https://robohash.org/remnihilexpedita.png?size=50x50&set=set1
4,Carolyn,curabitur convallis duis consequat dui nec nisi volutpat eleifend donec ut dolor,https://robohash.org/itaquequiatenetur.png?size=50x50&set=set1
5,Tish,pede venenatis non sodales sed tincidunt eu felis fusce posuere felis sed,https://robohash.org/sintlaborecommodi.png?size=50x50&set=set1
6,Al,erat fermentum justo nec condimentum neque sapien placerat ante nulla,https://robohash.org/nequeeaqueeos.png?size=50x50&set=set1
7,Judi,cras mi pede malesuada in imperdiet et commodo vulputate justo in blandit ultrices enim lorem ipsum dolor sit amet,https://robohash.org/eteospossimus.png?size=50x50&set=set1
8,Towny,venenatis tristique fusce congue diam id ornare imperdiet sapien urna pretium nisl ut volutpat sapien arcu sed augue,https://robohash.org/sitaccusamussint.png?size=50x50&set=set1
9,Elie,enim lorem ipsum dolor sit amet consectetuer adipiscing elit proin interdum mauris non ligula,https://robohash.org/noneosquos.png?size=50x50&set=set1
10,Gerome,eu interdum eu tincidunt in leo maecenas pulvinar lobortis est phasellus sit amet erat nulla tempus vivamus in felis,https://robohash.org/voluptatibusdebitisminus.png?size=50x50&set=set1
11,Margret,dictumst morbi vestibulum velit id pretium iaculis diam erat fermentum,https://robohash.org/vitaealiasrerum.png?size=50x50&set=set1
12,Noemi,nisl nunc nisl duis bibendum felis sed interdum venenatis turpis enim blandit mi in porttitor pede,https://robohash.org/vitaetemporibusporro.png?size=50x50&set=set1
13,Mike,nullam molestie nibh in lectus pellentesque at nulla suspendisse potenti cras in purus eu magna vulputate,https://robohash.org/occaecatimolestiaecorporis.png?size=50x50&set=set1
14,Nealson,ipsum primis in faucibus orci luctus et ultrices posuere cubilia curae nulla dapibus dolor vel est donec odio,https://robohash.org/quasiutenim.png?size=50x50&set=set1
15,Trip,augue aliquam erat volutpat in congue etiam justo etiam pretium iaculis,https://robohash.org/rerumnihilporro.png?size=50x50&set=set1
16,Gleda,sapien cursus vestibulum proin eu mi nulla ac enim in tempor,https://robohash.org/debitisutdelectus.png?size=50x50&set=set1
17,Lianne,ligula suspendisse ornare consequat lectus in est risus auctor sed tristique in tempus sit,https://robohash.org/utofficiisab.png?size=50x50&set=set1
18,Etta,nisi nam ultrices libero non mattis pulvinar nulla pede ullamcorper augue a suscipit nulla elit,https://robohash.org/eaeosfuga.png?size=50x50&set=set1
19,Arleyne,sed nisl nunc rhoncus dui vel sem sed sagittis nam congue risus semper porta volutpat quam pede lobortis,https://robohash.org/facilisnequevoluptatem.png?size=50x50&set=set1
20,Beverlie,ipsum ac tellus semper interdum mauris ullamcorper purus sit amet nulla quisque arcu libero rutrum ac lobortis vel,https://robohash.org/sitdistinctioducimus.png?size=50x50&set=set1
21,Andrea,hendrerit at vulputate vitae nisl aenean lectus pellentesque eget nunc donec quis orci eget orci vehicula,https://robohash.org/magniquossed.png?size=50x50&set=set1
22,Elisha,curabitur at ipsum ac tellus semper interdum mauris ullamcorper purus sit amet,https://robohash.org/nisivoluptaseaque.png?size=50x50&set=set1
23,Gianna,proin at turpis a pede posuere nonummy integer non velit donec diam,https://robohash.org/velnihilullam.png?size=50x50&set=set1
24,Giustino,tellus in sagittis dui vel nisl duis ac nibh fusce lacus purus aliquet at feugiat non,https://robohash.org/officiismaximeenim.png?size=50x50&set=set1
25,Gustavus,semper sapien a libero nam dui proin leo odio porttitor id consequat in,https://robohash.org/sedetdeleniti.png?size=50x50&set=set1
26,Sena,massa id lobortis convallis tortor risus dapibus augue vel accumsan tellus nisi,https://robohash.org/estdelenitiexpedita.png?size=50x50&set=set1
27,Nilson,lacinia aenean sit amet justo morbi ut odio cras mi pede malesuada in imperdiet et commodo,https://robohash.org/corrupticommodieaque.png?size=50x50&set=set1
28,Sheffy,etiam faucibus cursus urna ut tellus nulla ut erat id mauris vulputate,https://robohash.org/aspernaturimpeditquaerat.png?size=50x50&set=set1
29,Worthington,porta volutpat erat quisque erat eros viverra eget congue eget semper rutrum nulla nunc purus phasellus in felis donec,https://robohash.org/aspernaturautnumquam.png?size=50x50&set=set1
30,Arie,orci vehicula condimentum curabitur in libero ut massa volutpat convallis morbi,https://robohash.org/solutaillumnumquam.png?size=50x50&set=set1
31,Guinna,augue aliquam erat volutpat in congue etiam justo etiam pretium iaculis justo in hac habitasse platea,https://robohash.org/inciduntnatusmollitia.png?size=50x50&set=set1
32,Melisent,vestibulum ante ipsum primis in faucibus orci luctus et ultrices posuere cubilia curae mauris viverra diam vitae quam suspendisse potenti,https://robohash.org/iureautemautem.png?size=50x50&set=set1
33,Torrence,in faucibus orci luctus et ultrices posuere cubilia curae donec pharetra magna vestibulum aliquet ultrices,https://robohash.org/quiautvoluptatem.png?size=50x50&set=set1
34,Franzen,erat curabitur gravida nisi at nibh in hac habitasse platea dictumst,https://robohash.org/velestimpedit.png?size=50x50&set=set1
35,Korey,adipiscing elit proin interdum mauris non ligula pellentesque ultrices phasellus id sapien in sapien iaculis,https://robohash.org/etdolorumautem.png?size=50x50&set=set1
36,Leslie,mus etiam vel augue vestibulum rutrum rutrum neque aenean auctor gravida sem praesent id massa id,https://robohash.org/eamagnivoluptatem.png?size=50x50&set=set1
37,Cad,sed accumsan felis ut at dolor quis odio consequat varius integer ac,https://robohash.org/estidet.png?size=50x50&set=set1
38,Gloria,imperdiet sapien urna pretium nisl ut volutpat sapien arcu sed augue aliquam erat volutpat in congue etiam justo,https://robohash.org/molestiaecupiditateanimi.png?size=50x50&set=set1
39,Rosy,vel accumsan tellus nisi eu orci mauris lacinia sapien quis libero nullam sit amet turpis elementum ligula vehicula consequat morbi,https://robohash.org/minimaautin.png?size=50x50&set=set1
40,Gaven,magna vulputate luctus cum sociis natoque penatibus et magnis dis,https://robohash.org/possimusutut.png?size=50x50&set=set1
41,Alta,venenatis lacinia aenean sit amet justo morbi ut odio cras mi pede,https://robohash.org/dignissimoseummaiores.png?size=50x50&set=set1
42,Annaliese,quam fringilla rhoncus mauris enim leo rhoncus sed vestibulum sit amet cursus id turpis integer aliquet massa id lobortis convallis,https://robohash.org/eiusomnisqui.png?size=50x50&set=set1
43,Randa,sapien cursus vestibulum proin eu mi nulla ac enim in tempor turpis nec euismod scelerisque quam turpis adipiscing,https://robohash.org/placeatomnissaepe.png?size=50x50&set=set1
44,Katerine,praesent blandit lacinia erat vestibulum sed magna at nunc commodo placerat praesent blandit nam nulla,https://robohash.org/quiaassumendaiusto.png?size=50x50&set=set1
45,Rabbi,ipsum primis in faucibus orci luctus et ultrices posuere cubilia curae donec,https://robohash.org/quiaomnisvoluptas.png?size=50x50&set=set1
46,Benoit,purus phasellus in felis donec semper sapien a libero nam dui proin leo odio porttitor id,https://robohash.org/laboriosamconsecteturqui.png?size=50x50&set=set1
47,Ollie,posuere nonummy integer non velit donec diam neque vestibulum eget vulputate,https://robohash.org/laborumsaepeodio.png?size=50x50&set=set1
48,Zarla,in blandit ultrices enim lorem ipsum dolor sit amet consectetuer adipiscing elit proin interdum,https://robohash.org/etutet.png?size=50x50&set=set1
49,Brannon,gravida nisi at nibh in hac habitasse platea dictumst aliquam augue quam sollicitudin,https://robohash.org/solutaeumat.png?size=50x50&set=set1
50,Missy,mollis molestie lorem quisque ut erat curabitur gravida nisi at nibh in hac habitasse platea dictumst aliquam,https://robohash.org/reprehenderitquiaet.png?size=50x50&set=set1
51,Dar,rhoncus dui vel sem sed sagittis nam congue risus semper,https://robohash.org/utetdoloremque.png?size=50x50&set=set1
52,Cathrine,at turpis donec posuere metus vitae ipsum aliquam non mauris morbi non lectus aliquam,https://robohash.org/fugitautemsed.png?size=50x50&set=set1
53,Bran,tellus semper interdum mauris ullamcorper purus sit amet nulla quisque arcu libero rutrum,https://robohash.org/autemetut.png?size=50x50&set=set1
54,Lion,ullamcorper augue a suscipit nulla elit ac nulla sed vel enim sit,https://robohash.org/consequunturutsaepe.png?size=50x50&set=set1
55,Cleve,at velit vivamus vel nulla eget eros elementum pellentesque quisque porta,https://robohash.org/nemoquaeratlaboriosam.png?size=50x50&set=set1
56,Jannel,luctus et ultrices posuere cubilia curae donec pharetra magna vestibulum aliquet ultrices erat tortor sollicitudin mi sit amet lobortis,https://robohash.org/suntmolestiaeex.png?size=50x50&set=set1
57,Gunar,elit ac nulla sed vel enim sit amet nunc viverra,https://robohash.org/nobiseaqueodit.png?size=50x50&set=set1
58,Emanuel,amet sem fusce consequat nulla nisl nunc nisl duis bibendum felis sed interdum venenatis turpis enim blandit,https://robohash.org/corporisdebitissimilique.png?size=50x50&set=set1
59,Gualterio,montes nascetur ridiculus mus etiam vel augue vestibulum rutrum rutrum neque aenean auctor,https://robohash.org/nihilmaximeamet.png?size=50x50&set=set1
60,Becki,dignissim vestibulum vestibulum ante ipsum primis in faucibus orci luctus et ultrices posuere cubilia curae nulla,https://robohash.org/enimsuscipitmagnam.png?size=50x50&set=set1
61,Modestine,nulla nisl nunc nisl duis bibendum felis sed interdum venenatis,https://robohash.org/officiaeosmolestias.png?size=50x50&set=set1
62,Devinne,sed accumsan felis ut at dolor quis odio consequat varius integer ac leo pellentesque ultrices,https://robohash.org/eumasperioresquibusdam.png?size=50x50&set=set1
63,Fonsie,pede venenatis non sodales sed tincidunt eu felis fusce posuere,https://robohash.org/etoptioiure.png?size=50x50&set=set1
64,Delia,duis mattis egestas metus aenean fermentum donec ut mauris eget massa tempor convallis,https://robohash.org/esttemporibusenim.png?size=50x50&set=set1
65,Kirstyn,phasellus id sapien in sapien iaculis congue vivamus metus arcu adipiscing molestie hendrerit at vulputate vitae nisl,https://robohash.org/ducimuserrorrepellendus.png?size=50x50&set=set1
66,Maridel,ac neque duis bibendum morbi non quam nec dui luctus,https://robohash.org/cumquequoeos.png?size=50x50&set=set1
67,Peyter,in tempor turpis nec euismod scelerisque quam turpis adipiscing lorem vitae mattis,https://robohash.org/quiaomnisrerum.png?size=50x50&set=set1
68,Leopold,est congue elementum in hac habitasse platea dictumst morbi vestibulum,https://robohash.org/autemadaliquam.png?size=50x50&set=set1
69,Riane,non velit nec nisi vulputate nonummy maecenas tincidunt lacus at velit vivamus,https://robohash.org/assumendapossimuseius.png?size=50x50&set=set1
70,Corty,luctus et ultrices posuere cubilia curae duis faucibus accumsan odio curabitur convallis duis consequat dui nec nisi volutpat eleifend donec,https://robohash.org/inciduntdignissimosanimi.png?size=50x50&set=set1
71,Tomas,lectus vestibulum quam sapien varius ut blandit non interdum in ante vestibulum ante ipsum primis in faucibus orci luctus et,https://robohash.org/molestiaeauteveniet.png?size=50x50&set=set1
72,Beltran,molestie sed justo pellentesque viverra pede ac diam cras pellentesque volutpat dui maecenas tristique est et,https://robohash.org/excepturimolestiasut.png?size=50x50&set=set1
73,Demetris,at nulla suspendisse potenti cras in purus eu magna vulputate,https://robohash.org/perferendisinnecessitatibus.png?size=50x50&set=set1
74,Mireille,vivamus metus arcu adipiscing molestie hendrerit at vulputate vitae nisl aenean lectus pellentesque eget nunc donec quis orci,https://robohash.org/nobisofficiaiusto.png?size=50x50&set=set1
75,Andonis,sapien sapien non mi integer ac neque duis bibendum morbi non quam nec dui luctus rutrum,https://robohash.org/iustosintquis.png?size=50x50&set=set1
76,Jeralee,integer tincidunt ante vel ipsum praesent blandit lacinia erat vestibulum sed magna at nunc commodo placerat praesent blandit nam nulla,https://robohash.org/harumomnisrerum.png?size=50x50&set=set1
77,Samuele,nisl venenatis lacinia aenean sit amet justo morbi ut odio cras mi,https://robohash.org/ametdolorsed.png?size=50x50&set=set1
78,Seumas,nascetur ridiculus mus vivamus vestibulum sagittis sapien cum sociis natoque,https://robohash.org/etquieos.png?size=50x50&set=set1
79,Muhammad,nunc nisl duis bibendum felis sed interdum venenatis turpis enim blandit mi in porttitor,https://robohash.org/necessitatibusdignissimosconsectetur.png?size=50x50&set=set1
80,Nessie,dis parturient montes nascetur ridiculus mus etiam vel augue vestibulum rutrum rutrum,https://robohash.org/nesciunttotamqui.png?size=50x50&set=set1
81,Griz,arcu sed augue aliquam erat volutpat in congue etiam justo etiam pretium,https://robohash.org/saepecumtempora.png?size=50x50&set=set1
82,Celinka,nunc rhoncus dui vel sem sed sagittis nam congue risus,https://robohash.org/arerumaut.png?size=50x50&set=set1
83,Ilario,vitae mattis nibh ligula nec sem duis aliquam convallis nunc proin at turpis,https://robohash.org/dolorquisipsum.png?size=50x50&set=set1
84,Aeriell,fermentum donec ut mauris eget massa tempor convallis nulla neque libero convallis,https://robohash.org/quiaremvitae.png?size=50x50&set=set1
85,Inna,nisl duis ac nibh fusce lacus purus aliquet at feugiat non,https://robohash.org/veritatisnonsint.png?size=50x50&set=set1
86,Giavani,duis aliquam convallis nunc proin at turpis a pede posuere nonummy integer non velit donec diam neque vestibulum eget vulputate,https://robohash.org/utcorruptiodit.png?size=50x50&set=set1
87,Lynsey,varius integer ac leo pellentesque ultrices mattis odio donec vitae nisi nam ultrices libero non mattis pulvinar nulla pede ullamcorper,https://robohash.org/teneturestet.png?size=50x50&set=set1
88,Alberik,et ultrices posuere cubilia curae nulla dapibus dolor vel est donec odio justo sollicitudin ut suscipit a,https://robohash.org/temporaearem.png?size=50x50&set=set1
89,Rubi,vel augue vestibulum ante ipsum primis in faucibus orci luctus et ultrices posuere,https://robohash.org/recusandaesitquo.png?size=50x50&set=set1
90,Skylar,maecenas tincidunt lacus at velit vivamus vel nulla eget eros elementum pellentesque quisque porta volutpat,https://robohash.org/architectoexercitationemnecessitatibus.png?size=50x50&set=set1
91,Rog,mi nulla ac enim in tempor turpis nec euismod scelerisque quam turpis adipiscing lorem vitae,https://robohash.org/velpariaturerror.png?size=50x50&set=set1
92,Rafaello,congue etiam justo etiam pretium iaculis justo in hac habitasse platea dictumst etiam faucibus,https://robohash.org/perspiciatisautaccusantium.png?size=50x50&set=set1
93,Berty,leo odio porttitor id consequat in consequat ut nulla sed accumsan felis ut at dolor,https://robohash.org/mollitiaminuset.png?size=50x50&set=set1
94,Webster,lectus in est risus auctor sed tristique in tempus sit amet sem,https://robohash.org/accusamusutaut.png?size=50x50&set=set1
95,Kent,vestibulum quam sapien varius ut blandit non interdum in ante vestibulum ante ipsum primis in faucibus orci,https://robohash.org/voluptatesvoluptatemmagni.png?size=50x50&set=set1
96,Bennett,viverra eget congue eget semper rutrum nulla nunc purus phasellus in felis donec,https://robohash.org/quaeinventoremolestias.png?size=50x50&set=set1
97,Penny,duis faucibus accumsan odio curabitur convallis duis consequat dui nec,https://robohash.org/doloremquequirerum.png?size=50x50&set=set1
98,Sarina,id justo sit amet sapien dignissim vestibulum vestibulum ante ipsum primis in faucibus orci luctus et,https://robohash.org/debitissedsoluta.png?size=50x50&set=set1
99,Augy,in libero ut massa volutpat convallis morbi odio odio elementum eu interdum eu tincidunt in leo,https://robohash.org/undeetnon.png?size=50x50&set=set1
100,Tiffany,mauris sit amet eros suspendisse accumsan tortor quis turpis sed ante vivamus tortor,https://robohash.org/idliberout.png?size=50x50&set=set1
